id,code,codeSystem,displayName
1,43789009,2.16.840.1.113883.6.96,CBC WO DIFFERENTIAL
2,43789009,2.16.840.1.113883.6.96,LYTES
